id,profit
6701,8.880583
6702,31.409077
6703,2.4781516
6704,8.729888
6705,13.242699
6706,45.638084
6707,6.236918
6708,23.349154
6709,9.8042755
6710,5.2090816
6711,-22.006487
6712,14.53789
6713,38.324543
6714,8.25756
6715,7.201257
6716,7.026968
6717,12.005275
6718,37.55746
6719,16.748302
6720,6.4729786
6721,13.86958
6722,14.692758
6723,11.395564
6724,5.4566493
6725,11.301606
6726,2.5292132
6727,0.680343
6728,-47.967636
6729,-0.28246778
6730,37.245003
6731,0.6722513
6732,12.924553
6733,4.1708026
6734,-0.32706222
6735,43.84623
6736,0.211183
6737,-8.08942
6738,11.581002
6739,17.321852
6740,917.5833
6741,1.0840743
6742,11.572272
6743,-22.256298
6744,39.547127
6745,64.103775
6746,12.145525
6747,115.93548
6748,139.79013
6749,-21.553188
6750,4.1341853
6751,3.1692877
6752,34.796677
6753,5.825074
6754,14.278748
6755,33.13649
6756,60.84353
6757,-82.235054
6758,-44.990288
6759,-156.05527
6760,-25.1271
6761,1.5869882
6762,17.344778
6763,439.21426
6764,4.171842
6765,3.440497
6766,23.174932
6767,1.2591593
6768,23.302572
6769,8.035064
6770,38.69816
6771,2.3205492
6772,-18.367943
6773,-174.51273
6774,568.8058
6775,-21.61889
6776,-19.48155
6777,-79.55268
6778,4.294785
6779,1.8238635
6780,49.177948
6781,26.39869
6782,7.612939
6783,8.788512
6784,12.895411
6785,-7.474016
6786,9.130576
6787,169.49878
6788,8.41712
6789,-70.39029
6790,-129.2327
6791,-37.506004
6792,-13.050362
6793,-19.138597
6794,-45.562294
6795,18.259354
6796,12.533735
6797,1.704031
6798,-1103.351
6799,7.4606824
6800,6.9236526
6801,235.34634
6802,7.691048
6803,8.614195
6804,-25.471096
6805,7.142042
6806,15.57053
6807,-13.539549
6808,7.397377
6809,2649.0093
6810,51.251114
6811,32.45403
6812,2.4403749
6813,-98.574974
6814,3.6257732
6815,13.727251
6816,43.093845
6817,12.8580475
6818,7.894791
6819,-2.0395298
6820,15.818613
6821,5.6786056
6822,64.4581
6823,107.91285
6824,48.18135
6825,13.3852415
6826,32.40951
6827,-5.995241
6828,8.353928
6829,2.385237
6830,11.939416
6831,-7.0168924
6832,4.644434
6833,72.73067
6834,7.1567707
6835,14.958103
6836,16.325361
6837,2.1541336
6838,2.796526
6839,30.320751
6840,4.7080083
6841,3.5170357
6842,14.079968
6843,12.765347
6844,25.80807
6845,6.321126
6846,16.647196
6847,4.8166575
6848,-2.452101
6849,8.345991
6850,-12.818457
6851,-7.385745
6852,-238.10844
6853,5.6971884
6854,18.234661
6855,-32.5253
6856,23.613203
6857,7.4096537
6858,15.339458
6859,-1.1747675
6860,-280.9518
6861,4.244554
6862,47.383114
6863,9.784088
6864,0.9360711
6865,-1.9774463
6866,6.283217
6867,8.007849
6868,12.910519
6869,38.10147
6870,24.094633
6871,97.41968
6872,92.23853
6873,90.49271
6874,102.14474
6875,25.989433
6876,0.85996836
6877,36.92864
6878,-4.42307
6879,102.39975
6880,38.76952
6881,-1.1313815
6882,7.5571594
6883,7.2703953
6884,17.67329
6885,5.6748376
6886,-187.9581
6887,10.332968
6888,11.292091
6889,13.054608
6890,6.9906206
6891,319.20062
6892,-39.021866
6893,39.57605
6894,52.115917
6895,39.542667
6896,446.2151
6897,4.4232407
6898,-372.7544
6899,13.546352
6900,122.561615
6901,-70.77736
6902,26.625755
6903,30.776203
6904,67.30959
6905,-3.6999474
6906,-7.4956613
6907,94.20167
6908,12.461394
6909,53.60474
6910,14.950039
6911,27.105259
6912,23.750662
6913,11.37008
6914,26.152376
6915,-23.935997
6916,-0.8870103
6917,4.966791
6918,15.19847
6919,-0.65510124
6920,-378.5177
6921,2.6241052
6922,16.724634
6923,3.0543408
6924,89.41274
6925,20.85272
6926,34.15763
6927,10.396198
6928,5.921093
6929,33.011086
6930,190.99854
6931,4.5380106
6932,4.635291
6933,5.7907605
6934,10.174205
6935,16.12244
6936,12.332375
6937,-45.19613
6938,5.290597
6939,40.467236
6940,2.499899
6941,-0.31716633
6942,17.137081
6943,45.743755
6944,9.871647
6945,13.385828
6946,11.509773
6947,7.191445
6948,11.016652
6949,10.156078
6950,7.598684
6951,39.728687
6952,71.75248
6953,-19.672596
6954,16.174982
6955,15.09328
6956,0.022232834
6957,15.227471
6958,8278.895
6959,92.15079
6960,6.312002
6961,25.24608
6962,144.58887
6963,26.60112
6964,37.988472
6965,-8.675624
6966,87.199265
6967,39.209927
6968,3.8178928
6969,48.966488
6970,10.876621
6971,4.6587887
6972,15.523258
6973,231.73503
6974,-67.03942
6975,-256.5761
6976,4.5977235
6977,24.46071
6978,66.30021
6979,8.885029
6980,15.57598
6981,37.280804
6982,19.827452
6983,8.691351
6984,6.5499353
6985,19.69964
6986,56.057106
6987,4.774385
6988,-3.1572633
6989,14.001087
6990,18.981176
6991,112.13411
6992,5.7106457
6993,2.6214616
6994,87.521194
6995,45.493095
6996,35.17302
6997,20.090628
6998,81.947815
6999,116.3393
7000,3.1234019
7001,108.22941
7002,98.3301
7003,58.60448
7004,404.70755
7005,14.382974
7006,99.108406
7007,11.8737545
7008,10.91733
7009,74.32044
7010,14.1886
7011,12.238895
7012,105.59735
7013,-9.625506
7014,-0.52014804
7015,2.5409546
7016,18.525415
7017,7.785865
7018,32.903248
7019,10.510267
7020,190.38466
7021,40.638832
7022,27.388071
7023,24.236284
7024,185.02174
7025,-17.620228
7026,26.738575
7027,1423.765
7028,25.314596
7029,-113.992256
7030,0.54218435
7031,-52.027622
7032,-6.851914
7033,-33.621895
7034,3.795447
7035,75.602715
7036,3.2941916
7037,9.289062
7038,9.377081
7039,14.201505
7040,8.388399
7041,11.154028
7042,20.27059
7043,17.305523
7044,1.1408505
7045,20.91609
7046,575.85944
7047,-24.688036
7048,21.72556
7049,-4.8663735
7050,1.8975246
7051,27.105478
7052,50.42479
7053,9.710355
7054,5.0745974
7055,10.6653805
7056,13.034893
7057,62.61198
7058,9.367951
7059,-106.99365
7060,-22.482918
7061,-194.79614
7062,-22.813501
7063,32.08735
7064,4.791579
7065,96.83728
7066,73.74957
7067,95.63045
7068,19.8091
7069,22.769075
7070,12.189707
7071,8.9683
7072,10.32099
7073,7.959207
7074,125.70262
7075,21.30565
7076,4.066902
7077,23.403309
7078,10.2041025
7079,10.0743685
7080,33.1049
7081,129.3158
7082,11.892947
7083,46.026997
7084,1.8549957
7085,71.73964
7086,102.284004
7087,11.372728
7088,0.80335027
7089,-13.093815
7090,0.47109574
7091,15.586645
7092,7.6764026
7093,10.430856
7094,39.336277
7095,-2.3060424
7096,-25.476366
7097,30.909016
7098,151.07214
7099,21.184427
7100,33.558636
7101,137.45602
7102,33.721546
7103,3.9002311
7104,30.823078
7105,0.82534784
7106,25.504528
7107,57.86873
7108,15.861086
7109,24.057758
7110,338.86093
7111,1.1099129
7112,12.726153
7113,4.873047
7114,15.857118
7115,27.260185
7116,-120.56685
7117,2.8431609
7118,-7.812713
7119,14.50335
7120,2.4248915
7121,82.616745
7122,-19.739145
7123,-10.930107
7124,-10.507809
7125,-6.679501
7126,9.181738
7127,3.5798655
7128,3.0838835
7129,45.66237
7130,-136.83139
7131,-17.243183
7132,10.553636
7133,-7.9355106
7134,23.62965
7135,2.322583
7136,60.648724
7137,95.00625
7138,23.571127
7139,43.283283
7140,5.648659
7141,12.057295
7142,38.696957
7143,4.425368
7144,16.974386
7145,26.867483
7146,7.601078
7147,21.97255
7148,5.3246074
7149,-26.979548
7150,11.716992
7151,9.922384
7152,65.8938
7153,19.096136
7154,166.6656
7155,29.59978
7156,12.162529
7157,-105.538025
7158,348.36682
7159,-19.455769
7160,-41.695843
7161,-2.3802257
7162,17.444626
7163,15.225603
7164,23.048395
7165,13.3608055
7166,21.84765
7167,127.848755
7168,-144.8277
7169,17.576681
7170,10.690929
7171,4.5139675
7172,-25.822414
7173,18.985266
7174,7.486697
7175,283.13412
7176,3.3487659
7177,59.443855
7178,42.231705
7179,26.253025
7180,3.4928663
7181,115.26058
7182,-135.45302
7183,-3.8039913
7184,1.6013441
7185,40.850197
7186,4.1026487
7187,4.7392464
7188,6.521875
7189,9.214773
7190,91.74511
7191,32.734394
7192,161.37753
7193,-0.696757
7194,55.192825
7195,16.54678
7196,-18.459446
7197,21.21311
7198,25.480843
7199,9.298343
7200,-8.09113
7201,6.3033137
7202,-3.8039913
7203,12.627542
7204,36.711216
7205,-232.361
7206,-4.3184614
7207,-19.04291
7208,2.16204
7209,-15.289974
7210,-16.463484
7211,5.0631104
7212,11.177546
7213,14.581224
7214,3.8951385
7215,4.7804003
7216,78.91135
7217,11.536925
7218,-20.698551
7219,0.7601555
7220,11.3605795
7221,0.9189107
7222,-88.62199
7223,5.7191353
7224,-36.44108
7225,1.1686511
7226,-19.966135
7227,74.35723
7228,15.80711
7229,57.203358
7230,-72.4722
7231,7.541199
7232,4.9387417
7233,12.313613
7234,-0.28032404
7235,64.08032
7236,-409.79135
7237,4.846806
7238,25.396555
7239,-148.84003
7240,-9.736802
7241,2.1243832
7242,0.6836716
7243,3.906014
7244,-7.858016
7245,4.1809072
7246,3.6146672
7247,4.3013268
7248,-39.399174
7249,65.30689
7250,18.452393
7251,16.538774
7252,0.80793923
7253,9.584366
7254,-5.7598658
7255,34.062023
7256,-3.3138323
7257,0.46958703
7258,48.36848
7259,3.0418494
7260,6.654443
7261,-4.6961665
7262,-10.50221
7263,-1.2613125
7264,14.343977
7265,17.433315
7266,-27.1719
7267,-19.957066
7268,4.0067387
7269,7.5409565
7270,15.663672
7271,15.8248205
7272,10.063498
7273,22.0769
7274,30.306646
7275,33.76132
7276,3.018871
7277,11.185463
7278,13.328458
7279,6.776398
7280,-28.564966
7281,32.443287
7282,-0.57290465
7283,-19.051521
7284,-2332.9568
7285,-5.688828
7286,-13.576927
7287,-109.87097
7288,-316.23053
7289,-4.5840774
7290,14.095373
7291,46.689877
7292,1.0019801
7293,14.853429
7294,19.362158
7295,927.9721
7296,533.1061
7297,13.256778
7298,92.48817
7299,79.05407
7300,31.162836
7301,60.577587
7302,4.769354
7303,12.80825
7304,8.100264
7305,79.06266
7306,7.0586143
7307,51.345036
7308,3.6740353
7309,14.809837
7310,30.698141
7311,12.923905
7312,12.668178
7313,17.826162
7314,3.5013843
7315,27.050106
7316,21.535202
7317,562.968
7318,21.129677
7319,-0.30354756
7320,3.6012242
7321,59.304382
7322,1.7916503
7323,33.507576
7324,8.527627
7325,91.73029
7326,118.67484
7327,3.6740353
7328,7.442018
7329,2.0758784
7330,0.18028368
7331,42.22691
7332,60.806313
7333,1.2553763
7334,3.9175658
7335,5.956628
7336,66.000885
7337,0.82068545
7338,12.373824
7339,4.5037313
7340,8.004139
7341,5.0928435
7342,3.6681967
7343,31.65014
7344,25.242575
7345,4.3677573
7346,1.0604601
7347,4.774561
7348,36.765137
7349,-8.073513
7350,3.8694434
7351,-20.09662
7352,24.146677
7353,-4.890034
7354,48.282177
7355,6.1462994
7356,-22.529419
7357,-35.592216
7358,-13.11565
7359,5.139034
7360,-1.4056108
7361,58.835064
7362,2.842464
7363,184.59384
7364,-14.496027
7365,183.20273
7366,26.735823
7367,6.5156446
7368,0.121768996
7369,3.128064
7370,4.4389553
7371,-4.1492004
7372,43.45169
7373,31.985527
7374,23.848822
7375,11.872463
7376,5.535824
7377,16.739912
7378,3.7756946
7379,-1.2591567
7380,1.6699224
7381,16.400295
7382,-16.371746
7383,11.197897
7384,59.22032
7385,-7.6988335
7386,11.55423
7387,39.50906
7388,15.120546
7389,-0.31053275
7390,3.7002702
7391,1.912607
7392,9.680143
7393,78.18175
7394,-0.1100077
7395,6.7973623
7396,0.28374642
7397,8.6815
7398,41.806217
7399,4.075296
7400,130.7019
7401,2.0265737
7402,10.755132
7403,11.242398
7404,18.106781
7405,3.7311327
7406,147.83105
7407,21.80114
7408,64.7038
7409,23.439507
7410,122.38186
7411,131.63423
7412,4.911631
7413,278.31787
7414,-39.631596
7415,16.574955
7416,5.275189
7417,12.013647
7418,2.9654863
7419,56.19029
7420,20.420158
7421,-5.496123
7422,4.0108232
7423,4.8460803
7424,-0.39618963
7425,-14.133907
7426,-12.012358
7427,-9.58962
7428,6.628774
7429,50.26822
7430,7.404848
7431,50.97022
7432,13.9102955
7433,38.342896
7434,137.83965
7435,37.657513
7436,23.75422
7437,-9.890133
7438,3.489316
7439,26.197083
7440,81.259796
7441,91.144905
7442,95.097084
7443,104.88133
7444,-56.146233
7445,162.6956
7446,-2.8844724
7447,4.6480346
7448,76.99576
7449,-23.932585
7450,-5.2979016
7451,24.199783
7452,4.4818544
7453,45.692253
7454,10.984992
7455,30.77805
7456,4.6421895
7457,-92.327385
7458,9.432773
7459,0.891542
7460,-45.900627
7461,6.2239494
7462,27.018929
7463,6.4854126
7464,6.088488
7465,37.336792
7466,3.2576993
7467,5.089156
7468,27.576805
7469,-1.2851009
7470,2.6691115
7471,15.118293
7472,-10.992292
7473,4.2316914
7474,63.766605
7475,0.26310828
7476,-20.714453
7477,140.64767
7478,20.651731
7479,18.071642
7480,2.8201182
7481,0.13710396
7482,8.775461
7483,-0.6502612
7484,-101.05838
7485,-1.115047
7486,-0.27546704
7487,19.027746
7488,94.150406
7489,41.855003
7490,0.36103913
7491,7.381865
7492,-1.1527033
7493,54.1559
7494,4.5063148
7495,6.476182
7496,7.7865624
7497,29.451473
7498,141.62921
7499,9.020029
7500,28.064352
7501,11.710773
7502,8.799847
7503,70.47985
7504,27.926586
7505,-1.0832534
7506,-3.930012
7507,-1.0355704
7508,12.348169
7509,13.496707
7510,11.507215
7511,-9.51674
7512,-122.239006
7513,20.915972
7514,4.102177
7515,0.35230726
7516,65.59447
7517,20.283487
7518,17.98801
7519,-15.679094
7520,-120.10774
7521,46.907887
7522,-20.891626
7523,76.23483
7524,22.79547
7525,41.79119
7526,21.77783
7527,25.754566
7528,356.54944
7529,11.46031
7530,156.37535
7531,25.269432
7532,26.0675
7533,60.438896
7534,-18.203634
7535,-34.388325
7536,5.400217
7537,-4.061148
7538,0.17539634
7539,1.8953083
7540,14.019961
7541,-6.7140927
7542,-349.61557
7543,87.80622
7544,-6.9386406
7545,1.9573808
7546,33.930683
7547,39.16359
7548,13.374994
7549,18.105558
7550,16.975437
7551,8.860873
7552,130.45807
7553,11.041261
7554,7.7674704
7555,4.466663
7556,-13.117514
7557,-146.25177
7558,-41.679787
7559,-1.673717
7560,16.589022
7561,10.125545
7562,41.71059
7563,5.9228573
7564,100.10508
7565,15.743767
7566,689.9005
7567,-21.621058
7568,-7.8126426
7569,14.818474
7570,382.6144
7571,163.31644
7572,90.06243
7573,9.590135
7574,134.04509
7575,3.572083
7576,-123.18912
7577,7.3432417
7578,462.14514
7579,24.302353
7580,143.38957
7581,179.3309
7582,18.392239
7583,0.23183951
7584,9.769169
7585,14.203325
7586,-7.013414
7587,26.756144
7588,1.2731235
7589,7.513693
7590,13.429531
7591,27.740114
7592,53.877636
7593,28.72004
7594,-32.99531
7595,2.3968046
7596,24.902737
7597,78.11645
7598,19.732172
7599,0.19223072
7600,19.989065
7601,30.063828
7602,8.117754
7603,41.563747
7604,16.152832
7605,92.8071
7606,4.3360443
7607,66.99577
7608,16.994482
7609,11.701369
7610,1.5096381
7611,3.8403647
7612,-2.1688654
7613,-362.28943
7614,15.988257
7615,-0.14837569
7616,1.3623841
7617,12.659928
7618,12.73818
7619,2.3968046
7620,5.398355
7621,15.489431
7622,4.227278
7623,20.47446
7624,0.8304724
7625,41.81525
7626,-24.438398
7627,5.916634
7628,9.723846
7629,19.105032
7630,49.846992
7631,4.868145
7632,67.16999
7633,5.117234
7634,16.796015
7635,13.997655
7636,-68.97308
7637,-15.309164
7638,-0.9877762
7639,18.097565
7640,-9.985342
7641,4.6391377
7642,128.61797
7643,3.8523893
7644,-22.674694
7645,40.277767
7646,7.830204
7647,196.65332
7648,12.624714
7649,-8.396111
7650,-21.493965
7651,-9.257148
7652,-3.8203087
7653,172.83075
7654,19.352654
7655,15.743767
7656,5.607431
7657,21.432262
7658,41.2357
7659,31.041477
7660,80.653244
7661,11.430794
7662,0.6567866
7663,10.373607
7664,79.03775
7665,-12.854383
7666,66.308334
7667,4.350566
7668,18.792976
7669,41.00516
7670,-0.77334183
7671,3.4405782
7672,-2.9484203
7673,-16.115688
7674,-10.655583
7675,882.64526
7676,27.526247
7677,14.0231905
7678,17.146206
7679,21.616194
7680,43.947105
7681,34.851696
7682,-0.066040695
7683,-21.972828
7684,-36.364952
7685,-4.2476907
7686,-6.2623663
7687,103.464005
7688,251.18481
7689,25.37418
7690,286.17316
7691,187.98618
7692,66.60828
7693,7.813122
7694,89.52772
7695,-0.68341774
7696,183.86278
7697,20.855167
7698,0.95385057
7699,16.834229
7700,139.09552
7701,6.7580776
7702,10.664117
7703,-76.06713
7704,-69.988525
7705,-97.0086
7706,22.349354
7707,-372.05988
7708,48.399284
7709,14.620291
7710,151.98715
7711,-22.04749
7712,-8.055931
7713,3.3158762
7714,3.876573
7715,85.86455
7716,61.4742
7717,32.69422
7718,11.475182
7719,9.878432
7720,24.94086
7721,4.199177
7722,-240.77803
7723,4.4331994
7724,-1.5613582
7725,46.593235
7726,16.127167
7727,-1.9781406
7728,-1.6112411
7729,145.69507
7730,11.440506
7731,-6.421377
7732,2.9548452
7733,3.1501312
7734,4.1292973
7735,163.7954
7736,128.40355
7737,13.434019
7738,65.88978
7739,-61.357536
7740,-127.90669
7741,6.6839924
7742,-34.264225
7743,1.6571608
7744,30.873093
7745,5.775031
7746,155.5517
7747,31.74611
7748,10.956296
7749,43.091602
7750,27.217285
7751,1.0034304
7752,94.615616
7753,20.883255
7754,19.704752
7755,4.1789637
7756,8.332015
7757,7.6592016
7758,3.6884181
7759,-12.854383
7760,55.06484
7761,9.238694
7762,-21.053722
7763,79.994545
7764,4.6713657
7765,2.286606
7766,-10.168388
7767,-21.228037
7768,-2.4935439
7769,21.368132
7770,59.777428
7771,7.9351892
7772,-17.915096
7773,123.11624
7774,-8.495075
7775,16.14908
7776,-4.5658126
7777,-44.399178
7778,-11.02008
7779,-171.97893
7780,-132.17256
7781,11.766905
7782,4.110959
7783,4.4059763
7784,-3.6742926
7785,9.572121
7786,-42.274563
7787,31.489916
7788,63.766605
7789,563.80115
7790,570.7958
7791,27.17869
7792,10.676871
7793,10.919668
7794,-10.665723
7795,-5.3319664
7796,8.50255
7797,14.188706
7798,4.868014
7799,3.551595
7800,5.041294
7801,271.5305
7802,7.163578
7803,7.8272715
7804,-0.122060314
7805,-4.79064
7806,-0.25646085
7807,16.256903
7808,4.351439
7809,52.577374
7810,7.8961644
7811,12.238447
7812,-25.7952
7813,24.969318
7814,21.49312
7815,171.92122
7816,1.74951
7817,10.47303
7818,9.579272
7819,9.837724
7820,-7.185184
7821,-10.393821
7822,-26.266113
7823,5.6097517
7824,-3.809682
7825,0.19117473
7826,5.0765257
7827,4.2102633
7828,16.0921
7829,12.098858
7830,10.297803
7831,8.753438
7832,32.87868
7833,3.944574
7834,-17.49825
7835,122.91516
7836,12.491608
7837,9.6198635
7838,50.038666
7839,8.020206
7840,0.49424118
7841,9.913056
7842,57.432243
7843,44.272106
7844,12.233055
7845,4.97964
7846,86.38177
7847,36.09435
7848,42.851166
7849,6.189333
7850,9.572121
7851,-87.60185
7852,7.5031815
7853,8.486886
7854,6.1680803
7855,-0.5262301
7856,9.920395
7857,3.0020125
7858,15.988826
7859,23.56407
7860,54.805855
7861,0.27675265
7862,34.315308
7863,4.7893124
7864,78.753334
7865,8.03122
7866,19.84974
7867,0.8387298
7868,-16.489363
7869,1.7545791
7870,17.532745
7871,20.33496
7872,-2.5038028
7873,48.260216
7874,8.080312
7875,8.719477
7876,81.375595
7877,14.577493
7878,-57.501812
7879,-20.721878
7880,12.901832
7881,-0.51412
7882,22.769978
7883,33.079266
7884,10.450525
7885,-3.0438073
7886,16.900454
7887,6.30312
7888,0.18841188
7889,36.699272
7890,-19.617794
7891,-157.61858
7892,0.26310828
7893,6.847183
7894,-24.32927
7895,5.117234
7896,3.997601
7897,19.545568
7898,1.7633774
7899,44.426216
7900,8.612436
7901,50.51564
7902,12.0769005
7903,83.02684
7904,15.66473
7905,29.484814
7906,-7.7087727
7907,51.658905
7908,-449.66617
7909,-7.1884413
7910,5.3064346
7911,-9.004568
7912,-0.14072238
7913,127.96171
7914,-18.889524
7915,-4.7460318
7916,1.2208674
7917,-2.2054822
7918,7.5197883
7919,123.0683
7920,19.360228
7921,29.866817
7922,28.3336
7923,116.51359
7924,341.56586
7925,8.820804
7926,43.17256
7927,15.025199
7928,1.0043042
7929,21.301762
7930,0.28703514
7931,23.65809
7932,20.724339
7933,19.175722
7934,-60.3617
7935,57.15396
7936,53.997456
7937,25.51166
7938,65.34519
7939,13.629043
7940,-52.015457
7941,25.286259
7942,28.16977
7943,3.77716
7944,2.9108908
7945,8.613747
7946,12.1849375
7947,10.431321
7948,52.189785
7949,-50.298782
7950,13.160653
7951,321.07065
7952,10.322338
7953,60.00965
7954,18.508455
7955,2.304208
7956,5.8219576
7957,67.9509
7958,128.38718
7959,4.9267025
7960,26.432386
7961,12.402077
7962,537.22174
7963,12.056972
7964,2.3968046
7965,1.5094442
7966,-0.8869912
7967,-43.93861
7968,1.3119874
7969,4.671245
7970,-56.361572
7971,544.5753
7972,5.0348845
7973,12.709122
7974,10.21546
7975,162.56247
7976,8.226538
7977,10.75649
7978,7.5017953
7979,60.495037
7980,12.918357
7981,5.883609
7982,-0.52317786
7983,5.5275326
7984,-0.081256464
7985,9.945763
7986,1.4410033
7987,-14.548091
7988,22.085615
7989,-0.37881535
7990,4.6798463
7991,38.02989
7992,5.6294203
7993,4.99165
7994,64.20197
7995,-65.22229
7996,4.4874134
7997,-39.893616
7998,-8.856749
7999,-2.099069
8000,47.182396
8001,1.3687735
8002,3.7728293
8003,18.257896
8004,2.0949
8005,49.80094
8006,85.17879
8007,137.5389
8008,11.193151
8009,14.3312845
8010,34.340614
8011,5.1318617
8012,9.680143
8013,22.38701
8014,4.5954356
8015,-273.03873
8016,-4.607301
8017,29.473103
8018,107.579834
8019,47.153416
8020,-5.6196685
8021,14.673253
8022,80.073
8023,0.29571426
8024,20.912537
8025,77.97832
8026,-42.806324
8027,113.39217
8028,7.474894
8029,-70.50641
8030,9.765503
8031,11.142708
8032,372.28085
8033,598.63275
8034,-11.979536
8035,88.821175
8036,18.546667
8037,32.606308
8038,14.433223
8039,1.0138714
8040,25.483318
8041,-14.034137
8042,3.987442
8043,11.405953
8044,28.134201
8045,8.898628
8046,4.7604427
8047,24.631971
8048,2.2482245
8049,18.786495
8050,5.7065783
8051,39.978813
8052,77.30382
8053,3.636006
8054,-332.4026
8055,-2.6181965
8056,27.296535
8057,15.298921
8058,3.7386835
8059,14.023726
8060,-72.2421
8061,0.8427003
8062,6.910293
8063,9.6682825
8064,11.627192
8065,7.0884523
8066,43.522026
8067,7.548181
8068,2.8201182
8069,-18.704748
8070,76.84314
8071,16.487232
8072,151.4387
8073,-0.6020587
8074,-15.871666
8075,12.812351
8076,13.33801
8077,50.949963
8078,29.016867
8079,7.115434
8080,3.8375845
8081,-133.9992
8082,128.47783
8083,108.513016
8084,27.13293
8085,79.660904
8086,9.090437
8087,49.887703
8088,10.848697
8089,6.1833496
8090,40.541954
8091,284.40213
8092,8.850669
8093,49.732544
8094,6.5031166
8095,13.907633
8096,4.556757
8097,6.1610956
8098,52.263836
8099,32.865856
8100,33.431103
8101,2.603755
8102,31.909246
8103,65.18568
8104,21.436888
8105,115.23205
8106,10.259241
8107,28.441267
8108,3.2545683
8109,20.138641
8110,4.2701526
8111,15.338138
8112,586.24677
8113,-5.9140863
8114,2.1399221
8115,-1.0582316
8116,1.9370515
8117,-105.02784
8118,207.78654
8119,19.673922
8120,-0.2505886
8121,67.15706
8122,-1.3633811
8123,61.40251
8124,10.675799
8125,-27.283432
8126,-17.132036
8127,8.569896
8128,65.11391
8129,373.16772
8130,256.87006
8131,610.37213
8132,205.85106
8133,21.277699
8134,-0.1428483
8135,-8.980716
8136,6.4680424
8137,315.49045
8138,-0.032729853
8139,9.949332
8140,31.09704
8141,3.773224
8142,-1.0433486
8143,42.793774
8144,7.687728
8145,10.745423
8146,2.793424
8147,192.54372
8148,10.060429
8149,5.5358977
8150,2.8919296
8151,5.9400554
8152,1.1444569
8153,23.169983
8154,30.597628
8155,-0.19639201
8156,8.492093
8157,9.136935
8158,0.9700162
8159,32.56449
8160,9.391418
8161,-6.1496587
8162,-8.708234
8163,4.469733
8164,41.253822
8165,-7.8488026
8166,-2.33745
8167,71.78905
8168,138.29836
8169,5.556614
8170,26.855871
8171,249.32451
8172,21.658297
8173,27.952623
8174,-6.4259896
8175,4.682886
8176,29.57595
8177,156.99043
8178,-6.7242737
8179,15.963259
8180,154.90259
8181,56.54097
8182,-1.4246705
8183,-1.4327075
8184,-6.237447
8185,-90.81175
8186,17.012705
8187,-55.605774
8188,4.264185
8189,-158.22272
8190,-2.0144758
8191,88.966934
8192,-0.25756556
8193,10.164682
8194,4.909189
8195,84.30583
8196,65.073944
8197,305.712
8198,4.242758
8199,2.455521
8200,50.46178
8201,276.27695
8202,37.92461
8203,-1.2232525
8204,3.7819214
8205,-1.1259961
8206,28.492579
8207,3.093056
8208,33.07579
8209,16.338852
8210,1.7990615
8211,33.33238
8212,15.481871
8213,3.941695
8214,16.482403
8215,91.88724
8216,10.82634
8217,-10.803513
8218,4.3733172
8219,4.620353
8220,9.294213
8221,11.659926
8222,17.801725
8223,17.754284
8224,13.168143
8225,433.09827
8226,32.2217
8227,21.051735
8228,456.26883
8229,76.75556
8230,6.941969
8231,5.147684
8232,14.055305
8233,13.028209
8234,208.85925
8235,30.614042
8236,11.398599
8237,6.9332905
8238,37.333694
8239,-323.657
8240,13.505949
8241,20.441624
8242,26.952297
8243,-53.585197
8244,21.341501
8245,28.162336
8246,15.472843
8247,10.724349
8248,3.6305747
8249,6.8379345
8250,3.0688164
8251,6.269846
8252,-3.2439134
8253,8.247775
8254,-10.169982
8255,59.592304
8256,21.535759
8257,51.625942
8258,38.654346
8259,7.259864
8260,-1.0284715
8261,-14.464597
8262,70.28879
8263,11.194526
8264,26.890566
8265,-292.30914
8266,20.318258
8267,-9.708262
8268,-3.5933428
8269,182.2272
8270,-103.44552
8271,46.298466
8272,31.321363
8273,0.05646895
8274,-26.169565
8275,10.05855
8276,-6.001952
8277,-590.48895
8278,13.535906
8279,7.50317
8280,6.9201
8281,4.823298
8282,488.6889
8283,117.32433
8284,63.80191
8285,12.795058
8286,234.54195
8287,3.031398
8288,-75.69272
8289,6.8357296
8290,-5.483419
8291,27.713705
8292,4.3348193
8293,161.75339
8294,2.9421153
8295,16.348452
8296,5.665307
8297,421.7855
8298,67.414406
8299,101.33689
8300,78.45314
8301,4.179128
8302,44.67272
8303,2.201211
8304,28.15458
8305,18.495678
8306,22.86369
8307,9.614568
8308,6.4114237
8309,-6.352032
8310,2.5994046
8311,31.273935
8312,-1721.397
8313,12.896131
8314,4.3798704
8315,3.9138339
8316,41.063377
8317,3.3786905
8318,7.238713
8319,-10.831082
8320,11.030764
8321,8.405509
8322,25.862156
8323,-10.21707
8324,-4.1214557
8325,45.999413
8326,12.483486
8327,26.00019
8328,15.735629
8329,33.31954
8330,34.619637
8331,1.977499
8332,27.79849
8333,-3.50034
8334,25.172522
8335,91.80057
8336,7.8677597
8337,120.15586
8338,5.8360696
8339,10.658766
8340,69.56895
8341,-126.75371
8342,21.11336
8343,9.090875
8344,-0.20291476
8345,25.544052
8346,40.693775
8347,548.00226
8348,-5.682998
8349,24.74705
8350,20.571571
8351,31.276592
8352,84.38695
8353,27.617336
8354,-0.93308514
8355,-20.438393
8356,19.454767
8357,14.883901
8358,5.063671
8359,26.757774
8360,18.880302
8361,16.753063
8362,30.445219
8363,244.14796
8364,457.9264
8365,544.8495
8366,-0.620758
8367,4.7806873
8368,7.82667
8369,8.646494
8370,17.049288
8371,24.927958
8372,124.26881
8373,9.9835
8374,-579.63477
8375,-3.9701307
8376,2.9775226
8377,11.565396
8378,4.911288
8379,8.292543
8380,7.1536856
8381,0.9930487
8382,6.768374
8383,56.06703
8384,82.01465
8385,16.337894
8386,3.2435398
8387,2.8814173
8388,3.0166762
8389,14.372374
8390,142.53267
8391,98.87029
8392,16.278374
8393,-0.85236186
8394,31.031984
8395,28.536493
8396,16.779335
8397,-1.1066759
8398,46.517246
8399,7.003577
8400,10.952814
8401,7.689842
8402,5.503008
8403,3.2785108
8404,9.990041
8405,-1.1450942
8406,-1.1259961
8407,9.573514
8408,65.45401
8409,9.513646
8410,2.8226995
8411,25.389885
8412,2.7756922
8413,212.53009
8414,-1.1573193
8415,-11.525442
8416,-55.430943
8417,-0.19064243
8418,9.517727
8419,38.70474
8420,11.638973
8421,326.73175
8422,65.21727
8423,4.4139504
8424,4.4139504
8425,50.582474
8426,114.54406
8427,7.050879
8428,5.359271
8429,7.0458345
8430,3.9449248
8431,275.9969
8432,3.0555198
8433,4.205759
8434,18.837051
8435,4.2823534
8436,-52.47163
8437,4.2252154
8438,-26.54773
8439,5.5570307
8440,-4.0226846
8441,-2.3880465
8442,214.90018
8443,4.3834496
8444,16.739351
8445,5.2644114
8446,31.770945
8447,2.349584
8448,7.5954857
8449,-4.394393
8450,-17.492079
8451,23.513168
8452,-6.6659975
8453,2.5845463
8454,18.44957
8455,49.214344
8456,7.5549397
8457,-7.497886
8458,15.551627
8459,2.4092686
8460,-10.192334
8461,-3.4552565
8462,10.462615
8463,43.05682
8464,65.29923
8465,2.3183558
8466,66.77509
8467,7.3420515
8468,27.304045
8469,9.919836
8470,32.401844
8471,1.1158009
8472,18.436937
8473,17.564903
8474,25.711863
8475,-11.16979
8476,11.031133
8477,25.441542
8478,13.405572
8479,1.2150047
8480,3.189089
8481,2.1832926
8482,4.1922197
8483,-114.75776
8484,34.57277
8485,-19.966848
8486,9.392053
8487,-21.636799
8488,0.7563179
8489,9.909334
8490,60.88638
8491,0.028080951
8492,4.5381074
8493,-207.89264
8494,64.13407
8495,40.484226
8496,9.053455
8497,5.141621
8498,-280.96262
8499,5.8530116
8500,65.158585
8501,4.216099
8502,-0.70571905
8503,1.2681401
8504,29.54095
8505,9.510272
8506,246.67805
8507,2.7516716
8508,4.3566155
8509,7.3633614
8510,12.80935
8511,6.629052
8512,103.29535
8513,13.177783
8514,9.177186
8515,7.1162515
8516,94.128784
8517,91.54835
8518,21.8024
8519,-3.1614573
8520,16.009583
8521,2.8949006
8522,10.168045
8523,3.619662
8524,3.7818985
8525,20.319534
8526,0.16832845
8527,57.71322
8528,-8.81741
8529,33.681694
8530,100.55056
8531,82.794106
8532,130.11987
8533,102.3829
8534,22.746214
8535,2.607133
8536,-257.96405
8537,143.10533
8538,168.14435
8539,18.567356
8540,12.508564
8541,29.539724
8542,-2.7779932
8543,3.1447399
8544,52.85356
8545,45.166565
8546,-22.937586
8547,99.6867
8548,6.086298
8549,3.052468
8550,4.8999796
8551,88.6309
8552,6.410325
8553,9.600869
8554,8.652049
8555,3.2629323
8556,-0.38518947
8557,39.732018
8558,-11.1022835
8559,4.661062
8560,167.72652
8561,-4.0655174
8562,-20.868853
8563,-0.1428483
8564,0.20316412
8565,4.1478705
8566,-148.17726
8567,-4.305781
8568,7.62777
8569,-63.03712
8570,27.899572
8571,3.3584335
8572,3.819415
8573,-56.26288
8574,-0.31046024
8575,-25.656717
8576,13.087767
8577,11.76831
8578,42.060734
8579,24.483738
8580,10.188489
8581,-7.4842796
8582,49.321835
8583,32.405975
8584,4.7994065
8585,7.774514
8586,9.0815735
8587,3.4581592
8588,8.52534
8589,4.3432984
8590,8.566029
8591,-9.004006
8592,638.6341
8593,17.878508
8594,60.47897
8595,43.884792
8596,-6.065002
8597,14.478476
8598,4.0555983
8599,15.627777
8600,13.669043
8601,-6.4731364
8602,4.7027407
8603,11.643828
8604,3.7436047
8605,45.524967
8606,43.03481
8607,7.1170034
8608,269.54587
8609,11.79179
8610,61.8547
8611,13.665883
8612,10.310974
8613,-80.885315
8614,3.2785108
8615,8.228043
8616,2.487663
8617,4.1810613
8618,75.031906
8619,682.7046
8620,176.52269
8621,1.795754
8622,59.244545
8623,69.5358
8624,78.17938
8625,3.3480744
8626,9.021098
8627,3.7353747
8628,40.601532
8629,385.84106
8630,9.657926
8631,20.29484
8632,5.882986
8633,21.873463
8634,-103.304504
8635,5.3326116
8636,0.58347875
8637,7.840615
8638,8.95155
8639,182.598
8640,65.84053
8641,25.470629
8642,0.13968484
8643,6.9727507
8644,-30.06639
8645,41.172523
8646,117.73427
8647,11.708187
8648,593.868
8649,-0.13194524
8650,3.6971593
8651,9.021098
8652,2.7649198
8653,5.545109
8654,-44.939613
8655,-0.5038511
8656,65.326515
8657,32.84939
8658,-0.5129556
8659,27.251564
8660,-447.1261
8661,1.2582839
8662,-6.270389
8663,35.92726
8664,18.356737
8665,1.8024263
8666,2.0834386
8667,55.101574
8668,24.52623
8669,9.582593
8670,18.322586
8671,-8.24301
8672,-83.45747
8673,4.0966496
8674,6.4298525
8675,249.47658
8676,27.122658
8677,9.349148
8678,-14.967065
8679,90.3306
8680,9.070576
8681,7.6054306
8682,-1.6419902
8683,395.00192
8684,13.923444
8685,7.3396482
8686,80.36739
8687,6.259698
8688,43.68988
8689,-30.7414
8690,24.27518
8691,66.67666
8692,-30.7414
8693,160.03206
8694,4.2159047
8695,9.653031
8696,35.681057
8697,11.513911
8698,13.000588
8699,192.14227
8700,7.0397277
8701,7.0397277
8702,21.125612
8703,10.062428
8704,-4.5591903
8705,303.45963
8706,20.964392
8707,76.177376
8708,-291.13083
8709,20.054712
8710,-10.208462
8711,-24.115795
8712,-24.382858
8713,21.257608
8714,22.564178
8715,9.617808
8716,3.317382
8717,23.148863
8718,1.8955426
8719,-3.9701307
8720,21.252089
8721,1.1730185
8722,-0.8051426
8723,35.116215
8724,-5.608123
8725,3.048025
8726,160.10188
8727,-209.32576
8728,29.46861
8729,2.076407
8730,11.9423895
8731,-0.55482346
8732,-5.3951793
8733,-0.6746535
8734,4.0051484
8735,13.679032
8736,-3.064689
8737,-32.613556
8738,4.4270916
8739,-21.720306
8740,8.393627
8741,120.492874
8742,-29.098766
8743,14.94747
8744,2.719833
8745,12.55309
8746,10.675799
8747,2.7860787
8748,-29.173649
8749,18.324709
8750,11.007169
8751,-0.44246346
8752,-1191.5771
8753,10.109652
8754,25.528942
8755,13.978927
8756,9.606101
8757,4.6463275
8758,73.67534
8759,12.962069
8760,9.606101
8761,3.380317
8762,4.6850376
8763,38.16376
8764,10.448324
8765,-5.0490317
8766,-4.1221023
8767,6.2267485
8768,2.4947987
8769,9.308382
8770,39.11487
8771,15.760664
8772,23.703957
8773,4.30184
8774,3.7394683
8775,14.298348
8776,0.2552616
8777,-92.05306
8778,3.7047572
8779,4.6494913
8780,-1.0006769
8781,-7.4446044
8782,105.27015
8783,390.31207
8784,39.869797
8785,-1.5607982
8786,82.73283
8787,6.54617
8788,-4.8622847
8789,48.83186
8790,-1.3413672
8791,-5.311415
8792,8.708652
8793,2.3017864
8794,11.327158
8795,84.87026
8796,5.197153
8797,-24.889256
8798,21.680914
8799,-1.4875886
8800,37.11551
8801,12.84381
8802,-126.208694
8803,14.530708
8804,32.185734
8805,361.5751
8806,6126.413
8807,13.797624
8808,17.175074
8809,-37.356045
8810,-1.039264
8811,8.420615
8812,-8.723688
8813,-47.703903
8814,4.9488807
8815,20.25918
8816,2.5799477
8817,17.670628
8818,6.408794
8819,2.086641
8820,7.0531077
8821,9.324874
8822,-503.7985
8823,-2.6213038
8824,-562.88696
8825,75.66241
8826,6.6888847
8827,149.68669
8828,-3.82813
8829,-2.0169957
8830,-1504.0619
8831,16.1635
8832,10.846867
8833,14.040843
8834,4.4638543
8835,3.516996
8836,68.643
8837,19.767317
8838,3.035381
8839,-139.20476
8840,-90.959915
8841,12.463873
8842,-111.70037
8843,-0.4242801
8844,-79.14658
8845,6.724861
8846,9.336459
8847,6.429603
8848,13.959608
8849,399.22446
8850,10.226665
8851,-11.409617
8852,6.4501843
8853,8.476893
8854,15.317411
8855,3.5124872
8856,21.754822
8857,2.0976212
8858,25.40478
8859,9.464781
8860,13.21726
8861,-26.157936
8862,11.877747
8863,0.24500182
8864,3.5825686
8865,0.24500182
8866,6.247407
8867,24.668247
8868,4.193309
8869,-9.84475
8870,58.01604
8871,6.4605136
8872,71.6181
8873,-1.5229754
8874,16.51221
8875,11.068575
8876,7.2260485
8877,20.414248
8878,-8.729512
8879,-55.34733
8880,-5.5065165
8881,51.417946
8882,4.359066
8883,0.21716295
8884,71.22606
8885,-0.28096336
8886,24.863255
8887,-0.03996606
8888,18.291172
8889,1.6206496
8890,-71.76559
8891,3.8765724
8892,22.766937
8893,-116.2876
8894,54.66762
8895,9.6744585
8896,-18.153103
8897,-1.5423346
8898,9.0643215
8899,-6.438474
8900,-17.364227
8901,0.012584519
8902,75.628876
8903,-4.7548075
8904,5.2354307
8905,-9.811544
8906,3.9025738
8907,90.82746
8908,17.955294
8909,4.7645617
8910,17.005354
8911,2.8672578
8912,7.2971544
8913,6.423496
8914,24.114725
8915,0.22072464
8916,-0.34455293
8917,1.3517718
8918,6.8357487
8919,-30.755758
8920,-21.698038
8921,-51.775482
8922,-14.242351
8923,60.200813
8924,0.990863
8925,6.274322
8926,13.553908
8927,4.9590282
8928,34.503746
8929,12.0779
8930,21.612843
8931,61.366863
8932,11.846571
8933,27.43527
8934,3.8484402
8935,3.112582
8936,27.13892
8937,3.580602
8938,3.6640487
8939,8.956586
8940,-0.31605616
8941,97.20102
8942,5.367423
8943,2184.9473
8944,4.871501
8945,3.0214393
8946,65.182076
8947,25.195108
8948,32.16099
8949,9.235218
8950,95.23213
8951,20.183453
8952,47.970158
8953,13.479055
8954,-9.784598
8955,29.07768
8956,23.787186
8957,5.199082
8958,4.8116055
8959,-40.277237
8960,841.4027
8961,-127.15497
8962,-45.160393
8963,110.991196
8964,18.577898
8965,54.225
8966,26.84987
8967,24.000898
8968,62.398277
8969,547.5353
8970,3.497594
8971,53.90398
8972,22.461027
8973,-1.8121576
8974,7.7979016
8975,9.438158
8976,26.440636
8977,41.717064
8978,3.0940218
8979,2.531571
8980,13.615074
8981,24.569626
8982,2.6426134
8983,5.0755363
8984,15.701725
8985,-21.840662
8986,-1.9976594
8987,-381.43
8988,2.5897892
8989,2.4536397
8990,-13.548267
8991,-465.9984
8992,-12.310009
8993,4.080314
8994,2.1544104
8995,-0.6461142
8996,328.81326
8997,33.08382
8998,0.955641
8999,2.5205386
9000,20.00804
9001,10.618382
9002,20.42194
9003,238.12138
9004,6.197493
9005,-6.686528
9006,4.271676
9007,2.9893258
9008,-179.6509
9009,6.4964504
9010,53.46458
9011,3.1529768
9012,47.561623
9013,365.10974
9014,12.553223
9015,5.8596516
9016,-64.792595
9017,-7.539547
9018,65.589066
9019,-3.43062
9020,-2.0330942
9021,52.764942
9022,10.190904
9023,85.1038
9024,3.8596077
9025,26.316221
9026,11.064046
9027,-63.291485
9028,-39.43573
9029,1.6485152
9030,10.07478
9031,393.96945
9032,6.6619864
9033,58.26286
9034,1495.255
9035,10.947478
9036,1.7664921
9037,21.196508
9038,121.62063
9039,4.7202377
9040,2.0408156
9041,51.99579
9042,6.169955
9043,6.0888486
9044,14.98149
9045,-11.958648
9046,-47.63429
9047,27.780348
9048,-1.1594694
9049,27.674124
9050,-14.601645
9051,12.32333
9052,-0.5963734
9053,307.83517
9054,5.5937057
9055,3.2355518
9056,-23.508295
9057,-389.01273
9058,30.248375
9059,21.45156
9060,143.92123
9061,2.5098398
9062,-12.343117
9063,-23.810654
9064,16.136324
9065,-34.27609
9066,-39.043365
9067,7.751279
9068,11.055469
9069,-10.216305
9070,4.389137
9071,6.7096987
9072,13.697658
9073,-65.93098
9074,-18.866535
9075,-132.71211
9076,3.0939548
9077,9.55603
9078,-20.84242
9079,-21.876371
9080,-1785.6885
9081,12.091891
9082,24.525166
9083,3.335067
9084,513.2876
9085,-22.674847
9086,11.1029005
9087,58.26526
9088,17.216642
9089,174.8853
9090,-22.478054
9091,8.512019
9092,-6.157321
9093,11.987483
9094,-3.5005686
9095,4.181713
9096,12.237826
9097,-4.198898
9098,10.793567
9099,30.447496
9100,14.962623
9101,3.6876268
9102,47.195812
9103,11.731947
9104,14.1465645
9105,2.9510589
9106,-8.242357
9107,3.079161
9108,40.97308
9109,5.4507375
9110,-1.0513544
9111,-0.030375535
9112,9.112995
9113,20.029734
9114,17.705788
9115,114.88224
9116,1.8260024
9117,10.269049
9118,1.5210087
9119,21.854855
9120,465.52368
9121,-19.014465
9122,28.756826
9123,11.229415
9124,10.799688
9125,0.7241097
9126,15.782916
9127,7.8057613
9128,-133.5812
9129,16.731426
9130,5.6372504
9131,3.8731234
9132,357.53003
9133,32.150173
9134,7009.6685
9135,-75.55309
9136,12.766348
9137,4.7655296
9138,31.739239
9139,14.880689
9140,12.29516
9141,83.9789
9142,-4.6726694
9143,4.927766
9144,36.47211
9145,4.112103
9146,7.3860135
9147,35.967957
9148,36.43977
9149,80.68081
9150,3.8199637
9151,-0.36418134
9152,248.94485
9153,114.61972
9154,65.0245
9155,-64.13801
9156,4.1143904
9157,3.6146662
9158,-4.4347973
9159,17.146889
9160,5.89541
9161,15.464843
9162,-28.706593
9163,21.1198
9164,16.182438
9165,4.0191326
9166,-1.4754946
9167,-17.963913
9168,-2.7777247
9169,18.30492
9170,-3.8504984
9171,17.859089
9172,5.8692966
9173,8.583689
9174,15.885163
9175,3.518453
9176,-0.11408785
9177,38.786278
9178,27.650402
9179,54.275654
9180,30.1778
9181,20.55793
9182,54.35046
9183,-180.58368
9184,18.57796
9185,73.30297
9186,26.177511
9187,16.949162
9188,7.343936
9189,71.70965
9190,31.67931
9191,3.3582323
9192,0.38791704
9193,5.5014424
9194,33.80585
9195,6.5810485
9196,3.245848
9197,52.606274
9198,91.781
9199,51.441963
9200,18.722376
9201,49.43922
9202,272.96786
9203,193.16743
9204,20.375885
9205,10.43468
9206,536.89655
9207,51.257965
9208,22.80307
9209,20.794014
9210,-26.94691
9211,43.352364
9212,11.699063
9213,4.046438
9214,213.07437
9215,-61.071564
9216,41.92979
9217,-256.22424
9218,11.463925
9219,8.191062
9220,33.305565
9221,156.68707
9222,13.857542
9223,-439.35654
9224,59.241405
9225,-0.8553967
9226,10.804288
9227,19.235828
9228,53.490597
9229,22.190237
9230,247.18279
9231,21.857456
9232,17.860676
9233,5.6823606
9234,26.661331
9235,8.315745
9236,284.15744
9237,4.2262654
9238,32.05442
9239,448.49857
9240,26.479446
9241,10.432537
9242,4.4851317
9243,8.842571
9244,4.994464
9245,8.189063
9246,136.30592
9247,-10.092355
9248,346.6023
9249,2.8993263
9250,139.2851
9251,20.355003
9252,204.34584
9253,3.3444188
9254,-0.87276405
9255,-13.109548
9256,-10.707539
9257,25.55253
9258,16.986477
9259,3.1871836
9260,-2.4631667
9261,26.952694
9262,25.800882
9263,6.8713713
9264,-2.3729641
9265,-7.2084007
9266,9.30095
9267,128.83969
9268,10.5236435
9269,-1.4429533
9270,1.3951957
9271,12.010362
9272,4.6589994
9273,33.192017
9274,-17.963913
9275,69.606834
9276,0.7042033
9277,-28.431044
9278,-175.32901
9279,36.803173
9280,-0.10464883
9281,-13.340804
9282,26.210129
9283,17.599894
9284,-1.1807222
9285,-0.9382356
9286,-21.28877
9287,58.935722
9288,48.57334
9289,14.198614
9290,2.1741042
9291,21.898521
9292,-10.608175
9293,-95.561966
9294,5.2052546
9295,5.89541
9296,73.09334
9297,-18.034983
9298,5.9580197
9299,7.504123
9300,11.446334
9301,12.320462
9302,27.052399
9303,6.523001
9304,10.689051
9305,6.300955
9306,23.290686
9307,49.533802
9308,7.294666
9309,-48.02519
9310,42.402805
9311,7.381445
9312,49.892353
9313,-26.672201
9314,113.27641
9315,68.6221
9316,14.150082
9317,14.466026
9318,0.67125195
9319,-1.1200466
9320,9.65841
9321,1.9250233
9322,-5.614763
9323,1.096549
9324,-11.205785
9325,1.9416265
9326,-4.215383
9327,12.935133
9328,11.504698
9329,4.363475
9330,33.200916
9331,2.7450104
9332,67.02744
9333,27.200695
9334,-37.293133
9335,603.1932
9336,141.92377
9337,-1.6067293
9338,14.255935
9339,14.177881
9340,20.126019
9341,26.305513
9342,14.034344
9343,-28.622183
9344,19.618633
9345,6.867997
9346,-1.0715375
9347,3.4293377
9348,-12.41404
9349,10.46046
9350,17.730276
9351,-0.066992044
9352,5.195571
9353,9.899246
9354,2.445387
9355,5.774156
9356,-5.4167323
9357,32.231213
9358,-174.3913
9359,6.0604596
9360,3.2319567
9361,17.026037
9362,49.23003
9363,-86.881454
9364,9.679719
9365,-93.797165
9366,6.8648505
9367,2.1426637
9368,-0.01975401
9369,4.034383
9370,495.07663
9371,270.45123
9372,7.019744
9373,81.26254
9374,8.133332
9375,0.9907997
9376,143.0173
9377,5.80085
9378,41.070965
9379,12.659362
9380,3.6085691
9381,14.081542
9382,25.18956
9383,86.91047
9384,534.2281
9385,9.341908
9386,12.743707
9387,8.465429
9388,-22.06684
9389,28.920643
9390,-29.087948
9391,-1067.8984
9392,2.943187
9393,9.971069
9394,-4.215383
9395,261.5832
9396,3.6519327
9397,4.9932365
9398,3.6992044
9399,10.843884
9400,54.818993
9401,2.7400508
9402,45.37554
9403,18.41763
9404,13.7070675
9405,8.968956
9406,-9.089997
9407,7.461506
9408,3.5275378
9409,6.846036
9410,12.484939
9411,7.4310184
9412,-2.3271766
9413,65.21982
9414,3.2922237
9415,0.63463515
9416,7.305643
9417,1.2476263
9418,96.6537
9419,11.634277
9420,-39.287148
9421,6.3120375
9422,8.862026
9423,24.033691
9424,2.1215067
9425,4.8415112
9426,4.4882264
9427,2.6160223
9428,3.7113407
9429,-2.0513346
9430,3.2715948
9431,-11.18756
9432,6.2966766
9433,5.487897
9434,12.661181
9435,2.7884178
9436,-32.97283
9437,28.521217
9438,-11.36604
9439,8.993203
9440,-0.77681166
9441,8.449231
9442,-5.6602907
9443,-61.41693
9444,-65.05785
9445,-103.96047
9446,67.97971
9447,6.147994
9448,-8.604497
9449,-7.7784696
9450,14.47462
9451,6.0307536
9452,26.297277
9453,3.8305113
9454,26.770912
9455,-4.1747975
9456,-34.996574
9457,-4.488887
9458,24.022007
9459,77.66597
9460,0.05108957
9461,42.16205
9462,12.704419
9463,184.77657
9464,-19.251635
9465,-4.031853
9466,-1.6900654
9467,6.0006013
9468,28.714523
9469,116.362495
9470,60.00471
9471,-69.96975
9472,3.1432137
9473,42.53812
9474,-692.7368
9475,4.149605
9476,-11.794754
9477,-27.639822
9478,-106.6671
9479,-21.487604
9480,57.16333
9481,31.90427
9482,34.537445
9483,15.216005
9484,118.83404
9485,262.88217
9486,283.9529
9487,7.323666
9488,38.784668
9489,8.448144
9490,-1.3269725
9491,38.34311
9492,95.51902
9493,41.02744
9494,21.281073
9495,13.578844
9496,6.2209926
9497,36.707157
9498,98.14756
9499,4.952528
9500,-111.55887
9501,-86.60572
9502,8.471991
9503,33.139793
9504,21.406876
9505,115.028435
9506,228.32353
9507,54.858818
9508,2.8238401
9509,0.63273025
9510,8.573596
9511,17.769356
9512,119.352905
9513,5.253153
9514,10.644034
9515,13.091449
9516,59.440437
9517,33.07732
9518,9.679719
9519,8.844107
9520,6.8108206
9521,-18.47194
9522,6.7196465
9523,11.242547
9524,38.547497
9525,12.551489
9526,82.80599
9527,3.3385994
9528,-18.567907
9529,6.812642
9530,-300.07834
9531,90.22533
9532,3.519656
9533,2.8484805
9534,7.613902
9535,15.698471
9536,7.3915014
9537,16.119417
9538,0.35380915
9539,-7.626915
9540,2.5070488
9541,27.443338
9542,107.59483
9543,7.7595606
9544,7.863314
9545,-9.757753
9546,420.69705
9547,159.03476
9548,13.675371
9549,29.360382
9550,18.654112
9551,1.2968223
9552,30.578085
9553,7.5635643
9554,18.92603
9555,5.6145787
9556,34.082844
9557,4.6114902
9558,8.022059
9559,73.6093
9560,510.40787
9561,121.012764
9562,108.316605
9563,33.061993
9564,407.19974
9565,61.459946
9566,7.0535955
9567,169.81828
9568,37.5334
9569,7.3694816
9570,17.33067
9571,10.958725
9572,18.44654
9573,67.359
9574,19.944164
9575,208.58284
9576,0.31719235
9577,3.0002043
9578,20.583101
9579,17.080563
9580,118.33296
9581,0.017338049
9582,3.7286046
9583,-209.87514
9584,-0.11797209
9585,2.7708907
9586,14.086563
9587,99.559586
9588,7.513914
9589,4.1914067
9590,-206.67325
9591,-64.27696
9592,10.447397
9593,42.694523
9594,3.4075983
9595,6.107266
9596,26.438036
9597,20.789537
9598,21.509716
9599,8.76463
9600,7.765628
9601,69.46092
9602,18.801813
9603,6.384785
9604,10.366193
9605,2.9023283
9606,13.113413
9607,342.5645
9608,19.382994
9609,2.7581134
9610,10.692688
9611,9.14708
9612,0.7379604
9613,3.1230574
9614,2.771002
9615,-47.10176
9616,12.387361
9617,3.4656296
9618,630.24927
9619,9.290333
9620,8.902246
9621,-119.12778
9622,15.606926
9623,9.78868
9624,46.0272
9625,59.788002
9626,3.4542034
9627,24.238258
9628,8.640483
9629,8.300702
9630,14.946276
9631,6.961912
9632,9.766801
9633,4.2668567
9634,5.394149
9635,28.032686
9636,17.231268
9637,12.565625
9638,7.226865
9639,8.461625
9640,-37.068893
9641,8.883142
9642,3.576164
9643,-5.552323
9644,18.113268
9645,2.164914
9646,19.04644
9647,10.671137
9648,-35.288715
9649,3.425803
9650,3.6914334
9651,17.251913
9652,3.0931365
9653,28.818565
9654,93.64057
9655,1.6378028
9656,-30.126608
9657,4.536842
9658,71.34894
9659,0.67671436
9660,18.661299
9661,11.937606
9662,-10.573597
9663,1.5338376
9664,-1.3630168
9665,-30.39919
9666,3.4915636
9667,1.8972235
9668,-33.89309
9669,-0.14299582
9670,13.585471
9671,38.42544
9672,22.068453
9673,2.7640736
9674,317.7494
9675,-5.3389707
9676,4.1615334
9677,4.2196493
9678,-274.04794
9679,32.348392
9680,8.061143
9681,57.518597
9682,46.39531
9683,105.03343
9684,13.893959
9685,13.186628
9686,190.63968
9687,18.99868
9688,5.4991245
9689,35.36054
9690,94.90092
9691,2.4230769
9692,30.772408
9693,13.078763
9694,2.878572
9695,20.4001
9696,15.351688
9697,1.2210674
9698,1.5436561
9699,-25.852495
9700,-7.6575165
9701,-6.552099
9702,6.888097
9703,-0.606409
9704,43.639416
9705,13.072746
9706,4.4185643
9707,-15.519501
9708,5.417675
9709,11.555438
9710,-115.428154
9711,16.729208
9712,33.908657
9713,3.6861665
9714,13.420138
9715,5.579911
9716,-6.4536753
9717,7.142514
9718,-315.33823
9719,1.2561135
9720,174.72223
9721,149.1007
9722,-137.02571
9723,25.252544
9724,24.933056
9725,-7.4094057
9726,9.449498
9727,117.1074
9728,80.900856
9729,-72.659065
9730,0.46910244
9731,146.4786
9732,25.942297
9733,24.229794
9734,61.88382
9735,-110.91949
9736,-19.875792
9737,35.184097
9738,47.26585
9739,16.875572
9740,12.707686
9741,15.433254
9742,15.071397
9743,10.264945
9744,5.0982018
9745,3.977478
9746,64.69683
9747,2.7990587
9748,1.5434618
9749,668.08124
9750,34.106544
9751,220.44312
9752,14.968692
9753,5.2178273
9754,35.01693
9755,89.9295
9756,5.2178273
9757,14.077001
9758,10.940932
9759,38.221478
9760,-12.729966
9761,28.770208
9762,1.1598618
9763,14.946498
9764,10.2242365
9765,13.350167
9766,3.78431
9767,3.3789337
9768,-5.526024
9769,130.78632
9770,5.2869253
9771,-19.602839
9772,5.272663
9773,6.9320107
9774,66.75881
9775,4.6910954
9776,17.496672
9777,5.1711874
9778,25.617094
9779,-1.9945724
9780,275.3454
9781,94.45801
9782,-39.576786
9783,7.999055
9784,-38.730618
9785,53.43401
9786,1.4616995
9787,31.878649
9788,5.2379594
9789,-407.9774
9790,18.21581
9791,-20.117918
9792,3.2076228
9793,2.4053543
9794,78.30557
9795,43.243027
9796,26.980408
9797,18.547232
9798,20.971357
9799,1.9943361
9800,57.198235
9801,29.889584
9802,10.269928
9803,7.6546106
9804,21.390898
9805,-135.4343
9806,126.90462
9807,53.502518
9808,7.300441
9809,1.7294564
9810,40.223877
9811,9.574618
9812,1.3455975
9813,11.712693
9814,-23.806978
9815,-24.423395
9816,-7.626915
9817,2.639744
9818,2.6860147
9819,4.57535
9820,8.080844
9821,-20.09603
9822,4.206012
9823,0.3080383
9824,204.87732
9825,10.513005
9826,16.015366
9827,-4.52629
9828,4.054361
9829,22.92345
9830,-32.672367
9831,28.852009
9832,-14.586353
9833,32.205555
9834,37.45301
9835,-7.2696896
9836,4.612155
9837,7.7790084
9838,74.39512
9839,9.20922
9840,21.091904
9841,5.421689
9842,-13.163285
9843,17.734402
9844,10.407334
9845,41.907604
9846,14.842085
9847,7.8849235
9848,3.5713665
9849,6.18926
9850,22.92345
9851,8.942955
9852,149.12717
9853,51.472744
9854,37.176617
9855,-0.6105735
9856,527.9201
9857,-310.09885
9858,-22.196995
9859,9.293008
9860,28.78579
9861,6.755157
9862,27.0115
9863,10.12207
9864,10.269347
9865,-7.1278367
9866,-587.81805
9867,12.413457
9868,7.043281
9869,48.816097
9870,84.486755
9871,-33.100292
9872,-6.7814693
9873,4.5573783
9874,228.25938
9875,49.810467
9876,24.086618
9877,31.929708
9878,29.994005
9879,20.096548
9880,7.403232
9881,5.3774204
9882,31.428263
9883,-13.250287
9884,788.20416
9885,4.1562853
9886,0.33356303
9887,49.29124
9888,9.956938
9889,67.16647
9890,18.47093
9891,12.1042
9892,-7.9939103
9893,127.29226
9894,40.09631
9895,87.92451
9896,43.2961
9897,0.50045085
9898,5.361424
9899,9.281377
9900,14.390754
9901,11.462868
9902,40.115208
9903,-0.43603414
9904,14.946276
9905,17.030426
9906,27.137867
9907,7.8822627
9908,-1.0645258
9909,342.7446
9910,7.3653517
9911,23.679758
9912,30.621227
9913,1.6620481
9914,-86.73047
9915,3.09081
9916,-23.637413
9917,7.943726
9918,5.497046
9919,18.441236
9920,-5.312709
9921,5.904381
9922,7.518514
9923,8.674978
9924,26.507587
9925,11.571757
9926,199.18704
9927,4.255456
9928,42.399197
9929,12.763651
9930,1.5338376
9931,119.26002
9932,11.366439
9933,23.492767
9934,3.4633448
9935,20.906538
9936,70.903595
9937,22.220053
9938,19.409315
9939,16.209
9940,7.161287
9941,0.047956355
9942,15.238866
9943,406.57745
9944,50.15539
9945,25.73591
9946,15.23959
9947,65.653206
9948,-2430.3474
9949,33.441704
9950,17.860863
9951,4.5744977
9952,1.2893586
9953,41.64873
9954,-0.7604553
9955,7.5207505
9956,16.341532
9957,4.1914067
9958,40.785515
9959,-6.726436
9960,58.73703
9961,25.59381
9962,7.222383
9963,11.012846
9964,31.841055
9965,224.24452
9966,65.685585
9967,31.50072
9968,-2.311416
9969,41.461086
9970,-6.1922574
9971,-5.706532
9972,2.8498428
9973,-11.001516
9974,0.4650817
9975,-15.039926
9976,129.34941
9977,12.09859
9978,58.435303
9979,22.32698
9980,359.01456
9981,46.1427
9982,4.5490904
9983,28.67387
9984,12.130028
9985,37.635838
9986,18.149792
9987,28.26159
9988,31.851217
9989,0.73404866
9990,-3.4500058
9991,9.977122
9992,5.6926003
9993,-1.3673577
9994,-0.94545525
